Required_Degree,Required_Skills,Required_Interests,Career
Bachelor's,"Python, Data Analysis, Machine Learning","Technology, Data Science",Machine Learning Analyst
Bachelor's,"Python, Deep Learning, Statistics","Healthcare, AI",Clinical AI Data Analyst
Master's,"Java, System Design, Cloud Computing","Software Development, AI",Cloud Software Architect
Bachelor's,"Python, Natural Language Processing, Machine Learning","Linguistics, Technology",Natural Language Engineer
Master's,"Machine Learning, Big Data, Python","Technology, Innovation",AI Solutions Engineer
Master's,"Data Science, Machine Learning, Python","Healthcare, AI",Clinical Data Scientist
Master's,"Python, TensorFlow, Deep Learning","Technology, Research",AI Research Engineer
Master's,"Python, NLP, Deep Learning","AI, Language",AI Language Processing Engineer
Master's,"Python, Machine Learning, AI","Technology, Innovation",Intelligent Systems Engineer
Master's,"Data Science, Machine Learning, Python","Healthcare, AI",Healthcare Machine Learning Engineer
Master's,"Python, Big Data, Machine Learning","Finance, Technology",Big Data Engineer
Master's,"Python, Machine Learning, AI","Technology, Innovation",AI Product Engineer
Master's,"Machine Learning, Big Data, Python","Web Development, Design",AI-Powered UX Engineer
PhD,"Python, Data Analysis, Machine Learning","Technology, Data Science",Chief Data Scientist
PhD,"Research, Statistical Analysis, Python","Software Development, AI",AI Research Strategist
PhD,"Python, Data Analysis, Machine Learning","Technology, Data Science",AI Research Lead
Required_Degree,Required_Skills,Required_Interests,Career
Bachelor's,"HTML, CSS, JavaScript","Web Development, Design",Front-End Web Developer
Bachelor's,"JavaScript, React, Node.js","Web Development, Technology",Full Stack JavaScript Developer
Bachelor's,"HTML, CSS, JavaScript, UX","Web Design, Technology",UI-Focused Frontend Developer
Bachelor's,"UX Research, Prototyping, Interaction Design","Design, User Experience",UX Interaction Specialist
Bachelor's,"JavaScript, React, Node.js","Web Development, Technology",React Web Developer
PhD,"HTML, CSS, JavaScript","Healthcare, AI",Healthcare Interface Developer
Bachelor's,"HTML, CSS, JavaScript","Web Development, Design",Responsive UI Developer
Master's,"Machine Learning, Big Data, Python","Web Development, Design",AI-Powered UX Engineer
Bachelor's,"Python, Deep Learning, Statistics","Web Development, Design",AI-Enhanced UX Analyst
Bachelor's,"Cloud Computing, DevOps, Python","Arts, Digital Media",Creative Cloud Engineer
Bachelor's,"JavaScript, React, Node.js","Marketing, Communications",Marketing Web Developer
PhD,"HTML, CSS, JavaScript","Healthcare, AI",Medical Interface Developer
PhD,"JavaScript, React, Node.js","Marketing, Communications",Digital Experience Engineer
Required_Degree,Required_Skills,Required_Interests,Career
Bachelor's,"Python, Deep Learning, Statistics","Healthcare, AI",Clinical AI Data Analyst
Master's,"Data Science, Machine Learning, Python","Healthcare, AI",Clinical Data Scientist
PhD,"Research, Statistical Analysis, Python","Academia, Biotech",Biotech Research Lead
Master's,"Machine Learning, R, Python","Biotech, Data Science",Biostatistical Machine Learning Expert
PhD,"Research, Statistical Analysis, Python","Academia, Biotech",Lead Biotech Researcher
Master's,"Data Science, Machine Learning, Python","Healthcare, AI",Healthcare Machine Learning Engineer
PhD,"Research, Statistical Analysis, R","Academia, Biotech",Biotech Data Analyst
Master's,"Machine Learning, R, Python","Biotech, Data Science",Biotech ML Specialist
PhD,"HTML, CSS, JavaScript","Healthcare, AI",Medical Interface Developer
Master's,"Java, Algorithms, Data Structures","Healthcare, AI",Healthcare Software Developer
PhD,"UX Research, Prototyping, Interaction Design","Business, Management",UX Strategy Consultant
PhD,"Research, Statistical Analysis, Python","Software Development, AI",AI Research Strategist
PhD,"Python, Data Analysis, Machine Learning","Technology, Data Science",AI Research Lead
Required_Degree,Required_Skills,Required_Interests,Career
Bachelor's,"Content Writing, SEO, Social Media","Marketing, Communications",Digital Content Strategist
Bachelor's,"Digital Marketing, Content Creation, SEO","Marketing, Social Media",Digital Marketing Specialist
Master's,"Marketing Strategy, Digital Marketing, CRM","Marketing, Business",CRM Marketing Strategist
Bachelor's,"Copywriting, SEO, Social Media","Marketing, Content",SEO Content Strategist
Master's,"Marketing Strategy, Digital Marketing, CRM","Marketing, Business",Strategic Marketing Manager
Bachelor's,"Content Writing, Storytelling, SEO","Media, Marketing",Brand Content Strategist
Bachelor's,"Copywriting, SEO, Social Media","Marketing, Content",Digital Copy Strategist
Master's,"Marketing Strategy, Digital Marketing, CRM","Marketing, Business",Digital CRM Manager
Bachelor's,"JavaScript, React, Node.js","Marketing, Communications",Marketing Web Developer
PhD,"JavaScript, React, Node.js","Marketing, Communications",Digital Experience Engineer
Master's,"Digital Marketing, SEO, Content Creation","Cybersecurity, Technology",Cyber Marketing Strategist
Bachelor's,"Content Writing, Storytelling, SEO","Media, Marketing",Narrative Content Strategist
Bachelor's,"Social Media Strategy, Content Creation, Analytics","Digital Media, Engagement",Social Media Manager
Master's,"Brand Messaging, Campaign Planning, Copywriting","Marketing, Communication",Communications Strategist
Required_Degree,Required_Skills,Required_Interests,Career
Master's,"SQL, Data Warehousing, ETL","Finance, Analytics",Financial Data Engineer
Bachelor's,"Python, Data Mining, Statistics","Data Science, Finance",Financial Data Scientist
Master's,"Financial Analysis, Excel, Econometrics","Finance, Data Analysis",Quantitative Finance Analyst
Bachelor's,"Python, Data Analysis, SQL","Finance, Analytics",Business Intelligence Analyst
Master's,"Python, Data Analysis, R","Finance, Data Science",Financial Data Analyst
Bachelor's,"SQL, Data Warehousing, R","Business, Analytics",Business Intelligence Developer
Master's,"Financial Analysis, Excel, Econometrics","Technology, Data Science",Tech Finance Analyst
Master's,"Python, Big Data, Machine Learning","Finance, Technology",Big Data Engineer
Master's,"Financial Analysis, Excel, Econometrics","Technology, Data Science",Machine Learning Finance Analyst
Bachelor's,"Business Analysis, Excel, SQL","Business, Finance",Business Systems Analyst
Master's,"Business Analysis, Excel, SQL","Business, Finance",Enterprise Business Analyst
Bachelor's,"SQL, Data Analysis, Excel","Business, Analytics",Data Reporting Analyst
Bachelor's,"SQL, Data Analysis, Excel","Business, Analytics",Business Data Analyst
Master's,"Financial Analysis, Excel, Econometrics","Finance, Data Analysis",Econometrics Analyst
Master's,"SQL, Data Warehousing, ETL","Finance, Analytics",Enterprise Data Analyst
Bachelor's,"Copywriting, SEO, Social Media","Finance, Analytics",Finance Content Strategist
Required_Degree,Required_Skills,Required_Interests,Career
Bachelor's,"Network Security, Linux, Python","Cybersecurity, Technology",Security Operations Analyst
Bachelor's,"Python, Cybersecurity, Network Security","Technology, Security",Cybersecurity Engineer
Bachelor's,"Network Security, Linux, Python","Cybersecurity, Technology",Network Security Analyst
Master's,"Network Security, Linux, Python","Marketing, Communications",Cybersecurity Communications Analyst
PhD,"C#, .NET, Software Design","Cybersecurity, Technology",Secure Software Architect
Master's,"Digital Marketing, SEO, Content Creation","Cybersecurity, Technology",Cyber Marketing Strategist
Bachelor's,"Cloud Computing, DevOps, Python","Technology, Business",Cloud Infrastructure Engineer
Master's,"Cloud Computing, Python, DevOps","Technology, Business",Enterprise Cloud Engineer
Bachelor's,"Cloud Computing, DevOps, Python","Technology, Business",Cloud Automation Engineer
Master's,"Cloud Computing, DevOps, Python","Technology, Business",DevOps Cloud Consultant
Bachelor's,"Cloud Computing, DevOps, Python","Arts, Digital Media",Creative DevOps Engineer
Required_Degree,Required_Skills,Required_Interests,Career
Bachelor's,"Graphic Design, UI/UX, Adobe Creative Suite","Arts, Digital Media",Digital Experience Designer
Bachelor's,"Graphic Design, UX/UI, Adobe XD","Digital Media, Design",UI/UX Interaction Designer
Bachelor's,"Graphic Design, Illustration, Adobe Creative Suite","Arts, Design",Multimedia Graphic Designer
Bachelor's,"Graphic Design, Illustration, Adobe Creative Suite","Arts, Design",Creative Media Designer
Bachelor's,"Graphic Design, Illustration, Adobe Creative Suite","Arts, Design",Visual Communications Designer
Bachelor's,"Digital Illustration, Adobe Photoshop, Creativity","Visual Arts, Design",Illustrator
Bachelor's,"Photography, Lightroom, Composition","Media, Storytelling",Photographer
Master's,"Art History, Research, Critical Thinking","Culture, Academia",Art Historian
Bachelor's,"Sculpting, 3D Modeling, Material Handling","Fine Arts, Innovation",Sculptor
Master's,"Creative Direction, Branding, Adobe Suite","Design, Marketing",Creative Director
Bachelor's,"Animation, Storyboarding, Motion Graphics","Film, Digital Media",Animator
Bachelor's,"Typography, Layout Design, Adobe InDesign","Publishing, Design",Editorial Designer
Master's,"Museum Studies, Curatorial Practice, Art Theory","Culture, Preservation",Museum Curator
Bachelor's,"Fashion Design, Sewing, Trend Forecasting","Style, Innovation",Fashion Designer
Master's,"Set Design, Lighting, Scenic Construction","Theater, Production",Stage Designer
Bachelor's,"Digital Illustration, Adobe Illustrator, Creativity","Arts, Design",Digital Art Designer
Master's,"Graphic Design, UI/UX, Adobe Creative Suite","Arts, Digital Media",Digital Brand Designer
Required_Degree,Required_Skills,Required_Interests,Career
Bachelor's,"C++, Game Engines, 3D Math","Game Development, Programming",Gameplay Programmer
Master's,"Game Design, Level Design, Prototyping","Creativity, Storytelling",Game Designer
Bachelor's,"3D Modeling, Texturing, Blender","Art, Animation",3D Environment Artist
Bachelor's,"Unity, C#, Mobile Optimization","Mobile Games, Technology",Mobile Game Developer
Master's,"Project Management, Agile, Game Production","Leadership, Gaming",Game Producer
Bachelor's,"Sound Design, Audio Editing, Foley","Music, Immersion",Game Audio Designer
Master's,"Narrative Design, Scriptwriting, Worldbuilding","Storytelling, RPGs",Narrative Designer
Bachelor's,"UI/UX Design, Figma, Interaction Design","Design, Player Experience",Game UI/UX Designer
Bachelor's,"Game Testing, QA Tools, Bug Reporting","Problem Solving, Quality",QA Game Tester
Master's,"Marketing, Community Management, Analytics","Gaming, Business",Gaming Community Manager
Bachelor's,"Music Theory, Instrument Proficiency, Performance","Live Music, Creativity",Session Musician
Master's,"Composition, Orchestration, Digital Audio Workstations","Film, Sound Design",Film Score Composer
Bachelor's,"Audio Engineering, Mixing, Mastering","Technology, Music Production",Sound Engineer
Bachelor's,"Singing, Stage Presence, Vocal Techniques","Performance, Entertainment",Vocal Performer
Master's,"Music Business, Licensing, Contract Negotiation","Business, Music Industry",Music Manager
Bachelor's,"DJing, Beatmatching, Live Mixing","Electronic Music, Events",Club DJ
Master's,"Music Education, Curriculum Design, Conducting","Teaching, Music Theory",Music Educator
Bachelor's,"Songwriting, Lyricism, Melody Writing","Storytelling, Pop Culture",Songwriter
Bachelor's,"Music Marketing, Social Media, Branding","Promotion, Music Industry",Music Marketing Specialist
Master's,"Acoustics, Signal Processing, Audio Programming","Engineering, Innovation",Audio Technology Developer
Required_Degree,Required_Skills,Required_Interests,Career
PhD,"Research, Statistical Analysis, Python","Academia, Biotech",Biotech Research Lead
Master's,"Python, Statistics, Data Mining","Academia, Research",Academic Data Researcher
PhD,"Research, Statistical Analysis, R","Academia, Biotech",Biotech Data Analyst
PhD,"Research, Statistical Analysis, Python","Software Development, AI",AI Research Strategist
PhD,"Python, Data Analysis, Machine Learning","Technology, Data Science",AI Research Lead
PhD,"UX Research, Prototyping, Interaction Design","Business, Management",UX Strategy Consultant
PhD,"Graphic Design, UI/UX, Adobe Creative Suite","Arts, Digital Media",Creative UX Director
PhD,"UX Research, Prototyping, Interaction Design","Business, Management",Human-Centered Design Consultant
PhD,"Research, Statistical Analysis, Python","Academia, Research",Academic Program Director
PhD,"Project Management, Agile, Communication","Academia, Research",Strategic Research Manager
PhD,"Data Visualization, Python, R","Academia, Research",Research Visualization Specialist
Master's,"Art History, Research, Critical Thinking","Culture, Academia",Art Historian
Master's,"Museum Studies, Curatorial Practice, Art Theory","Culture, Preservation",Museum Curator
Master's,"Music Theory, Notation, Teaching","Education, Classical Arts",Music Teacher
Master's,"Cultural Studies, Archiving, Research","Preservation, History",Classical Arts Researcher
Required_Degree,Required_Skills,Required_Interests,Career
Master's,"Project Management, Communication, Agile","Business, Management",Agile Program Manager
Master's,"Project Management, Risk Analysis, Negotiation","Business, Management",Enterprise Project Strategist
Master's,"Project Management, Agile, Communication","Business, Management",Agile Delivery Manager
Master's,"Project Management, Agile, Communication","Academia, Research",Strategic Research Manager
PhD,"Project Management, Agile, Communication","Academia, Research",Academic Program Director
PhD,"UX Research, Prototyping, Interaction Design","Business, Management",UX Strategy Consultant
PhD,"UX Research, Prototyping, Interaction Design","Business, Management",Human-Centered Design Consultant
Bachelor's,"Cloud Computing, DevOps, Python","Technology, Business",Cloud Infrastructure Engineer
Master's,"Cloud Computing, Python, DevOps","Technology, Business",Enterprise Cloud Engineer
Bachelor's,"Cloud Computing, DevOps, Python","Technology, Business",Cloud Automation Engineer
Master's,"Cloud Computing, DevOps, Python","Technology, Business",DevOps Cloud Consultant
Bachelor's,"Cloud Computing, DevOps, Python","Arts, Digital Media",Creative DevOps Engineer
Bachelor's,"Python, Automation, Data Analysis","Technology, Engineering",Automation Solutions Engineer
Bachelor's,"Python, Automation, Data Analysis","Technology, Engineering",Data Automation Engineer
Master's,"Python, JavaScript, Data Visualization","Analytics, Business",Business Data Visualization Analyst
Bachelor's,"Digital Marketing, Analytics, SEO","Marketing, Business",Performance Marketing Analyst
Bachelor's,"Digital Marketing, Analytics, SEO","Marketing, Business",Digital Strategy Analyst
Bachelor's,"Java, System Design, Cloud Computing","Software Development, AI",Software Infrastructure Engineer
Master's,"Java, System Design, Cloud Computing","Software Development, AI",AI Systems Architect
Bachelor's,"Java, Android, UI Design","Mobile Apps, Technology",Android UI Developer
Bachelor's,"Java, Android, UI Design","Mobile Apps, Technology",Mobile Interface Developer
Master's,"Java, Algorithms, Data Structures","Healthcare, AI",Medical Software Developer
Master's,"Java, Algorithms, Data Structures","Healthcare, AI",Healthcare Software Developer
Bachelor's,"C++, Embedded Systems, IoT","Business, Management",IoT Product Manager
Master's,"C++, Embedded Systems, IoT","Business, Management",Embedded Systems Consultant
Bachelor's,"C#, .NET, Software Design","Technology, Gaming",Interactive Software Developer
PhD,"Research, Statistical Analysis, Python","Software Development, AI",AI Research Strategist
PhD,"Python, Data Analysis, Machine Learning","Technology, Data Science",AI Research Lead
PhD,"Python, Data Analysis, Machine Learning","Technology, Data Science",Chief Data Scientist